-- VERA seed — generated by scripts/build-cards.mjs on 2026-06-23T09:08:12.425Z
-- Idempotent: truncate then re-insert all 20 harvested assets.

truncate assets, asset_dependencies, impact_zones, asset_state, events restart identity cascade;

-- ── assets ──────────────────────────────────────────────────────────────────
insert into assets (id, osm_type, osm_id, name, name_native, type, lat, lng, criticality, criticality_breakdown, metrics, tags, source) values (
  '2eaf166a-6626-4982-b411-48db631b6bb0',
  'way',
  374336200,
  'Medical Rehabilitation Center',
  'Центр медичної реабілітації та санаторного лікування',
  'hospital',
  50.549219,
  30.344429,
  0.67,
  $json${"population_component":0.35,"service_class":0.3,"dependency_fanout":0.02,"capacity_component":0,"total":0.67}$json$::jsonb,
  $json${"beds":"unknown","emergency":"unknown","speciality":"general","operator_type":"government"}$json$::jsonb,
  $json${"access":"customers","addr:housenumber":"60","addr:postcode":"04075","addr:street":"вулиця Квітки Цісик","amenity":"hospital","healthcare":"hospital","name":"Центр медичної реабілітації та санаторного лікування","name:en":"Medical Rehabilitation Center","name:uk":"Центр медичної реабілітації та санаторного лікування","operator":"Міністерство оборони України","operator:type":"government","phone":"+380 44 401 9122","website":"https://puschavodica.com.ua/"}$json$::jsonb,
  'osm'
);
insert into assets (id, osm_type, osm_id, name, name_native, type, lat, lng, criticality, criticality_breakdown, metrics, tags, source) values (
  'aff1b80b-1aa6-4ccb-a479-42500d768d56',
  'way',
  617663761,
  'Centralna District Power Plant',
  'Районна котельня «Центральна»',
  'power_plant',
  50.469199,
  30.363731,
  0.66,
  $json${"population_component":0.35,"service_class":0.27,"dependency_fanout":0.04,"capacity_component":0,"total":0.66}$json$::jsonb,
  $json${"capacity_mw":"unknown","avg_output_mw":"unknown","source":"gas","method":"combustion"}$json$::jsonb,
  $json${"addr:housenumber":"36б","addr:street":"бульвар Академіка Вернадського","barrier":"wall","landuse":"industrial","name":"Районна котельня «Центральна»","name:en":"Centralna District Power Plant","name:ru":"Районная котельная «Центральная»","name:uk":"Районна котельня «Центральна»","operator":"КП «Київтеплоенерго»","plant:method":"combustion","plant:output:electricity":"yes","plant:output:hot_water":"yes","plant:source":"gas","power":"plant","start_date":"1969","wall:material":"concrete","wall:type":"plate"}$json$::jsonb,
  'osm'
);
insert into assets (id, osm_type, osm_id, name, name_native, type, lat, lng, criticality, criticality_breakdown, metrics, tags, source) values (
  'd9879b14-50ed-4bf0-bd0e-f41e6214e679',
  'way',
  27183638,
  'ТП-3413',
  null,
  'substation',
  50.440716,
  30.6098,
  0.652,
  $json${"population_component":0.35,"service_class":0.24,"dependency_fanout":0.06,"capacity_component":0.002,"total":0.652}$json$::jsonb,
  $json${"voltage_kv":10,"role":"minor_distribution","rating":"4220 kVA","operator":"Київенерго"}$json$::jsonb,
  $json${"addr:housenumber":"58","addr:street":"вулиця Євгена Сверстюка","building":"yes","building:levels":"2","name":"ТП-3413","name:uk":"ТП-3413","operator":"Київенерго","power":"substation","rating":"4220 kVA","ref":"3413","substation":"minor_distribution","voltage":"10000;400"}$json$::jsonb,
  'osm'
);
insert into assets (id, osm_type, osm_id, name, name_native, type, lat, lng, criticality, criticality_breakdown, metrics, tags, source) values (
  '530dd218-cc85-404b-9d28-c13ee1712a3f',
  'way',
  368433751,
  'Водопровідна насосна станція «Біличанська»',
  null,
  'water_works',
  50.477214,
  30.339344,
  0.71,
  $json${"population_component":0.35,"service_class":0.3,"dependency_fanout":0.06,"capacity_component":0,"total":0.71}$json$::jsonb,
  $json${"capacity_m3_day":"unknown","population_served":"unknown","operator":"unknown"}$json$::jsonb,
  $json${"addr:housenumber":"1","addr:postcode":"03164","addr:street":"вулиця Гаршина","man_made":"water_works","name":"Водопровідна насосна станція «Біличанська»","name:ru":"Водопроводная насосная станция «Беличанская»","name:uk":"Водопровідна насосна станція «Біличанська»"}$json$::jsonb,
  'osm'
);
insert into assets (id, osm_type, osm_id, name, name_native, type, lat, lng, criticality, criticality_breakdown, metrics, tags, source) values (
  '4e80dcd0-9d16-4a4a-aa6d-dbe7b0c1888f',
  'way',
  60779264,
  'Очисні споруди дощових вод "Біличі"',
  null,
  'wastewater',
  50.463238,
  30.323582,
  0.625,
  $json${"population_component":0.35,"service_class":0.255,"dependency_fanout":0.02,"capacity_component":0,"total":0.625}$json$::jsonb,
  $json${"capacity_m3_day":"unknown","population_served":"unknown","operator":"unknown"}$json$::jsonb,
  $json${"man_made":"wastewater_plant","name":"Очисні споруди дощових вод \"Біличі\"","name:ru":"Очистные сооружения дождевых вод \"Беличи\"","name:uk":"Очисні споруди дощових вод \"Біличі\""}$json$::jsonb,
  'osm'
);
insert into assets (id, osm_type, osm_id, name, name_native, type, lat, lng, criticality, criticality_breakdown, metrics, tags, source) values (
  '59277c6a-bfd5-4a06-a343-480da1d25542',
  'way',
  244211418,
  'Rybalskyi Railway Bridge',
  'Рибальський залізничний міст',
  'bridge',
  50.483703,
  30.547485,
  0.6,
  $json${"population_component":0.35,"service_class":0.21,"dependency_fanout":0.04,"capacity_component":0,"total":0.6}$json$::jsonb,
  $json${"lanes":"unknown","structure":"yes","highway":"rail","electrified":"contact_line","max_speed":"unknown"}$json$::jsonb,
  $json${"alt_name:en":"Rybalsky Railway Bridge","bridge":"yes","electrified":"contact_line","frequency":"50","gauge":"1520","layer":"1","name":"Рибальський залізничний міст","name:de":"Rybalskyj-Eisenbahnbrücke","name:en":"Rybalskyi Railway Bridge","name:es":"Rybalsky Puente de Ferroviario","name:fr":"Pont de chemin de fer Rybalskyï","name:it":"Ponte ferroviario Rybal's'kyj","name:uk":"Рибальський залізничний міст","old_name":"Петрівський міст","old_name:de":"Petriwskyj-Eisenbahnbrücke","old_name:uk":"Петрівський міст","oneway":"no","passenger_lines":"1","railway":"rail","usage":"main","voltage":"25000","wikidata":"Q3398559","wikipedia":"uk:Петрівський міст"}$json$::jsonb,
  'osm'
);
insert into assets (id, osm_type, osm_id, name, name_native, type, lat, lng, criticality, criticality_breakdown, metrics, tags, source) values (
  'b1ebcfe9-a4d6-46bb-948b-9474e1de7feb',
  'relation',
  6674937,
  'Kyiv CHP-5 Power Plant',
  'Київська ТЕЦ-5',
  'power_plant',
  50.394218,
  30.568362,
  0.85,
  $json${"population_component":0.35,"service_class":0.27,"dependency_fanout":0.08,"capacity_component":0.15,"total":0.85}$json$::jsonb,
  $json${"capacity_mw":700,"avg_output_mw":385,"source":"gas","method":"combustion"}$json$::jsonb,
  $json${"landuse":"industrial","name":"Київська ТЕЦ-5","name:en":"Kyiv CHP-5 Power Plant","name:ru":"Киевская ТЭЦ-5","name:uk":"Київська ТЕЦ-5","operator":"ВАТ Київенерго","plant:method":"combustion","plant:output:electricity":"700 MW","plant:output:hot_water":"yes","plant:source":"gas","power":"plant","type":"multipolygon","wikidata":"Q12110202","wikipedia":"uk:Київська теплоелектроцентраль № 5"}$json$::jsonb,
  'osm'
);
insert into assets (id, osm_type, osm_id, name, name_native, type, lat, lng, criticality, criticality_breakdown, metrics, tags, source) values (
  '73e94449-a255-44d5-923b-87763605f793',
  'way',
  106296381,
  'Kyiv CHP-6 Power Plant',
  'Київська ТЕЦ-6',
  'power_plant',
  50.531233,
  30.666985,
  0.6855,
  $json${"population_component":0.2483,"service_class":0.27,"dependency_fanout":0.06,"capacity_component":0.1071,"total":0.6855}$json$::jsonb,
  $json${"capacity_mw":500,"avg_output_mw":275,"source":"gas","method":"combustion"}$json$::jsonb,
  $json${"landuse":"industrial","name":"Київська ТЕЦ-6","name:en":"Kyiv CHP-6 Power Plant","plant:method":"combustion","plant:output:electricity":"500 MW","plant:output:hot_water":"yes","plant:source":"gas","power":"plant","wikidata":"Q12110203","wikipedia":"uk:Київська ТЕЦ-6"}$json$::jsonb,
  'osm'
);
insert into assets (id, osm_type, osm_id, name, name_native, type, lat, lng, criticality, criticality_breakdown, metrics, tags, source) values (
  'd861a609-9bdc-4267-bc7c-3e1cdbc4520e',
  'way',
  218722215,
  'Kyiv-4 (Darnytska) Power Plant',
  'ТЕЦ-4 (Дарницька ТЕЦ)',
  'power_plant',
  50.447978,
  30.64408,
  0.6943,
  $json${"population_component":0.35,"service_class":0.27,"dependency_fanout":0.04,"capacity_component":0.0343,"total":0.6943}$json$::jsonb,
  $json${"capacity_mw":160,"avg_output_mw":88,"source":"coal","method":"combustion"}$json$::jsonb,
  $json${"landuse":"industrial","name":"ТЕЦ-4 (Дарницька ТЕЦ)","name:en":"Kyiv-4 (Darnytska) Power Plant","name:ru":"ТЭЦ-4 (Дарницкая ТЭЦ)","name:uk":"ТЕЦ-4 (Дарницька ТЕЦ)","plant:method":"combustion","plant:output:electricity":"160 MW","plant:output:hot_water":"yes","plant:source":"coal","power":"plant","source":"https://www.industryabout.com/country-territories-3/1343-ukraine/fossil-fuels-energy/19483-kyiv-4-coal-power-plant","wikidata":"Q12099561","wikipedia":"uk:Дарницька ТЕЦ"}$json$::jsonb,
  'osm'
);
insert into assets (id, osm_type, osm_id, name, name_native, type, lat, lng, criticality, criticality_breakdown, metrics, tags, source) values (
  'ae89e3f7-0ab4-4127-bff7-929a06ed29e7',
  'way',
  34870385,
  'Тягова пiдстанцiя',
  null,
  'substation',
  50.502044,
  30.601913,
  0.6492,
  $json${"population_component":0.3491,"service_class":0.24,"dependency_fanout":0.06,"capacity_component":0.0001,"total":0.6492}$json$::jsonb,
  $json${"voltage_kv":0.6,"role":"traction","rating":"unknown","operator":"КП «Київпастранс»"}$json$::jsonb,
  $json${"addr:housenumber":"9А","addr:street":"вулиця Рональда Рейгана","building":"service","frequency":"50;0","location":"indoor","name":"Тягова пiдстанцiя","name:ru":"Тяговая подстанция","operator":"КП «Київпастранс»","power":"substation","ref":"ТП-4788","substation":"traction","voltage":"600"}$json$::jsonb,
  'osm'
);
insert into assets (id, osm_type, osm_id, name, name_native, type, lat, lng, criticality, criticality_breakdown, metrics, tags, source) values (
  'ce409563-71de-4648-88d6-e9e39438070e',
  'way',
  60300975,
  'Центр',
  null,
  'substation',
  50.437982,
  30.523286,
  0.732,
  $json${"population_component":0.35,"service_class":0.24,"dependency_fanout":0.12,"capacity_component":0.022,"total":0.732}$json$::jsonb,
  $json${"voltage_kv":110,"role":"distribution","rating":"126 MVA","operator":"Київські електромережі"}$json$::jsonb,
  $json${"addr:housenumber":"1","addr:street":"Еспланадна вулиця","building":"service","location":"indoor","name":"Центр","name:uk":"Центр","operator":"Київські електромережі","power":"substation","rating":"126 MVA","start_date":"2000","substation":"distribution","voltage":"110000;10000"}$json$::jsonb,
  'osm'
);
insert into assets (id, osm_type, osm_id, name, name_native, type, lat, lng, criticality, criticality_breakdown, metrics, tags, source) values (
  '0b5ace3f-c375-4966-9dad-7c7cb12326fa',
  'way',
  93799807,
  'Відрадненська тягова підстанція',
  null,
  'substation',
  50.425103,
  30.426669,
  0.632,
  $json${"population_component":0.35,"service_class":0.24,"dependency_fanout":0.04,"capacity_component":0.002,"total":0.632}$json$::jsonb,
  $json${"voltage_kv":10,"role":"traction","rating":"4235 kVA","operator":"КП «Київпастранс»"}$json$::jsonb,
  $json${"addr:housenumber":"24Б","addr:street":"Відрадний проспект","building":"service","building:levels":"2","building:material":"brick","frequency":"50;0","location":"indoor","name":"Відрадненська тягова підстанція","name:ru":"Отрадненская тяговая подстанция","operator":"КП «Київпастранс»","power":"substation","rating":"4235 kVA","ref":"ТП-4149","substation":"traction","voltage":"10000;600"}$json$::jsonb,
  'osm'
);
insert into assets (id, osm_type, osm_id, name, name_native, type, lat, lng, criticality, criticality_breakdown, metrics, tags, source) values (
  'd6270d89-5997-41c1-92ce-ddeab6f8a900',
  'way',
  725966127,
  'National Institute of Cardiovascular Surgery',
  'Національний Інститут серцево-судинної хірургії ім. М. М. Амосова',
  'hospital',
  50.419561,
  30.497744,
  0.71,
  $json${"population_component":0.35,"service_class":0.3,"dependency_fanout":0.06,"capacity_component":0,"total":0.71}$json$::jsonb,
  $json${"beds":"unknown","emergency":"unknown","speciality":"cardiology","operator_type":"public"}$json$::jsonb,
  $json${"addr:housenumber":"6","addr:postcode":"03038","addr:street":"вулиця Миколи Амосова","amenity":"hospital","healthcare":"hospital","healthcare:speciality":"cardiology","name":"Національний Інститут серцево-судинної хірургії ім. М. М. Амосова","name:en":"National Institute of Cardiovascular Surgery","name:ru":"Национальный институт сердечно-сосудистой хирургии им. Н.М.Амосова","name:uk":"Національний Інститут серцево-судинної хірургії ім. М. М. Амосова","operator":"НАМН України","operator:type":"public","phone":"+380 44 333 8408","website":"https://amosovinstitute.org.ua/","wikidata":"Q4315004","wikipedia":"uk:Національний інститут серцево-судинної хірургії імені Миколи Амосова НАМН України"}$json$::jsonb,
  'osm'
);
insert into assets (id, osm_type, osm_id, name, name_native, type, lat, lng, criticality, criticality_breakdown, metrics, tags, source) values (
  '228dc285-c3e2-4015-a5bf-44800ff4c5a1',
  'way',
  741868666,
  'V.P. Komisarenko Endocrinology and Metabolism Institute',
  'Інститут ендокринології та обміну речовин ім. В.П. Комісаренка',
  'hospital',
  50.520444,
  30.446942,
  0.71,
  $json${"population_component":0.35,"service_class":0.3,"dependency_fanout":0.06,"capacity_component":0,"total":0.71}$json$::jsonb,
  $json${"beds":"unknown","emergency":"unknown","speciality":"endocrinology","operator_type":"public"}$json$::jsonb,
  $json${"addr:housenumber":"69","addr:postcode":"04114","addr:street":"Вишгородська вулиця","amenity":"hospital","fax":"+380 44 428 1996","healthcare":"hospital","healthcare:speciality":"endocrinology","name":"Інститут ендокринології та обміну речовин ім. В.П. Комісаренка","name:en":"V.P. Komisarenko Endocrinology and Metabolism Institute","name:uk":"Інститут ендокринології та обміну речовин ім. В.П. Комісаренка","operator":"НАМН України","operator:type":"public","phone":"+380 44 430 3694","website":"http://iem.net.ua/"}$json$::jsonb,
  'osm'
);
insert into assets (id, osm_type, osm_id, name, name_native, type, lat, lng, criticality, criticality_breakdown, metrics, tags, source) values (
  'e58d4061-c5ae-4c4a-a32f-6f88ca2044af',
  'relation',
  4001948,
  'Kyiv Clinical Hospital of Railroad Transport 2',
  'Київська клінічна лікарня на залізничному транспорті №2',
  'hospital',
  50.439876,
  30.480272,
  0.73,
  $json${"population_component":0.35,"service_class":0.3,"dependency_fanout":0.08,"capacity_component":0,"total":0.73}$json$::jsonb,
  $json${"beds":"unknown","emergency":"unknown","speciality":"general","operator_type":"public/government"}$json$::jsonb,
  $json${"addr:housenumber":"9","addr:postcode":"01049","addr:street":"проспект Повітряних Сил","amenity":"hospital","healthcare":"hospital","name":"Київська клінічна лікарня на залізничному транспорті №2","name:en":"Kyiv Clinical Hospital of Railroad Transport 2","name:ru":"Киевская клиническая больница на железнодорожном транспорте №2","name:uk":"Київська клінічна лікарня на залізничному транспорті №2","old_name":"Дорожня клінічна лікарня №2 станції Київ","old_name:uk":"Дорожня клінічна лікарня №2 станції Київ","operator":"Центр охорони здоров’я” АТ “Укрзалізниця”","operator:type":"public/government","phone":"+380 44 465 1843","ref":"2","type":"multipolygon","website":"https://uz.gov.ua/about/general_information/entertainments/f_coz/kklzt2/"}$json$::jsonb,
  'osm'
);
insert into assets (id, osm_type, osm_id, name, name_native, type, lat, lng, criticality, criticality_breakdown, metrics, tags, source) values (
  '3ab381ab-e499-44c2-8fc3-43a0d5e83636',
  'way',
  271173743,
  'Kyiv Funicular',
  'Київський фунікулер',
  'bridge',
  50.457179,
  30.523094,
  0.66,
  $json${"population_component":0.35,"service_class":0.21,"dependency_fanout":0.1,"capacity_component":0,"total":0.66}$json$::jsonb,
  $json${"lanes":"unknown","structure":"yes","highway":"funicular","electrified":"contact_line","max_speed":9}$json$::jsonb,
  $json${"bridge":"yes","electrified":"contact_line","frequency":"0","gauge":"1200","layer":"1","maxspeed":"9","name":"Київський фунікулер","name:de":"Standseilbahn Kiew","name:en":"Kyiv Funicular","name:uk":"Київський фунікулер","network":"Київський фунікулер","railway":"funicular","voltage":"600"}$json$::jsonb,
  'osm'
);
insert into assets (id, osm_type, osm_id, name, name_native, type, lat, lng, criticality, criticality_breakdown, metrics, tags, source) values (
  '00e51f00-a815-4571-8459-b2cac8ada6e5',
  'way',
  130279873,
  'Park Bridge',
  'Парковий міст',
  'bridge',
  50.452296,
  30.534348,
  0.3956,
  $json${"population_component":0.0856,"service_class":0.21,"dependency_fanout":0.1,"capacity_component":0,"total":0.3956}$json$::jsonb,
  $json${"lanes":"unknown","structure":"yes","highway":"footway","electrified":"no","max_speed":"unknown"}$json$::jsonb,
  $json${"alt_name":"Закоханих міст","bicycle":"yes","bridge":"yes","highway":"footway","layer":"1","name":"Парковий міст","name:en":"Park Bridge","name:ru":"Парковый мост","name:uk":"Парковий міст","start_date":"1912","surface":"wood","website":"https://gyrno.net/info/en/putiv/bridge-park-devils-bridge","wikidata":"Q12138950","wikipedia":"uk:Парковий міст"}$json$::jsonb,
  'osm'
);
insert into assets (id, osm_type, osm_id, name, name_native, type, lat, lng, criticality, criticality_breakdown, metrics, tags, source) values (
  '8aaaf343-e8f5-4af7-b3ec-00f4f7f71dd9',
  'way',
  561528035,
  'КНС «Оболонська»',
  null,
  'pumping_station',
  50.486079,
  30.498887,
  0.705,
  $json${"population_component":0.35,"service_class":0.255,"dependency_fanout":0.1,"capacity_component":0,"total":0.705}$json$::jsonb,
  $json${"substance":"wastewater","operator":"Київводоканал"}$json$::jsonb,
  $json${"addr:housenumber":"14-А","addr:street":"проспект Степана Бандери","landuse":"industrial","man_made":"pumping_station","name":"КНС «Оболонська»","name:uk":"КНС «Оболонська»","operator":"Київводоканал","pumping_station":"wastewater"}$json$::jsonb,
  'osm'
);
insert into assets (id, osm_type, osm_id, name, name_native, type, lat, lng, criticality, criticality_breakdown, metrics, tags, source) values (
  '49e22ed9-8683-46a4-a198-f8a359a3101b',
  'way',
  747018654,
  'Smorodyncka Water Pumping Station',
  'Водопровідна насосна станція «Смородинська»',
  'pumping_station',
  50.473806,
  30.474483,
  0.685,
  $json${"population_component":0.35,"service_class":0.255,"dependency_fanout":0.08,"capacity_component":0,"total":0.685}$json$::jsonb,
  $json${"substance":"water","operator":"Київводоконал"}$json$::jsonb,
  $json${"landuse":"industrial","man_made":"pumping_station","name":"Водопровідна насосна станція «Смородинська»","name:en":"Smorodyncka Water Pumping Station","name:uk":"Водопровідна насосна станція «Смородинська»","operator":"Київводоконал","substance":"water"}$json$::jsonb,
  'osm'
);
insert into assets (id, osm_type, osm_id, name, name_native, type, lat, lng, criticality, criticality_breakdown, metrics, tags, source) values (
  'e95164e4-d2d6-4741-9e1b-1e6df90fe692',
  'way',
  4335942,
  'Pivdennyi Bridge',
  'Південний міст',
  'bridge',
  50.39734,
  30.572299,
  0.655,
  $json${"population_component":0.35,"service_class":0.21,"dependency_fanout":0.02,"capacity_component":0.075,"total":0.655}$json$::jsonb,
  $json${"lanes":3,"structure":"beam","highway":"trunk","electrified":"no","max_speed":50}$json$::jsonb,
  $json${"bicycle":"yes","bridge":"yes","bridge:structure":"beam","bus":"yes","foot":"no","highway":"trunk","int_ref":"E 40","lanes":"3","layer":"1","maxspeed":"50","maxspeed:conditional":"80 @ (Apr- Oct)","motor_vehicle":"permit","name":"Південний міст","name:de":"Südbrücke","name:en":"Pivdennyi Bridge","name:es":"Puente Sur","name:ru":"Южный мост","name:uk":"Південний міст","oneway":"yes","sidewalk":"right","smoothness":"intermediate","surface":"asphalt"}$json$::jsonb,
  'osm'
);

-- ── asset_dependencies ──────────────────────────────────────────────────────
insert into asset_dependencies (source_id, target_id, kind, weight) values ('aff1b80b-1aa6-4ccb-a479-42500d768d56', '0b5ace3f-c375-4966-9dad-7c7cb12326fa', 'powers', 0.615);
insert into asset_dependencies (source_id, target_id, kind, weight) values ('aff1b80b-1aa6-4ccb-a479-42500d768d56', 'ce409563-71de-4648-88d6-e9e39438070e', 'powers', 0.48);
insert into asset_dependencies (source_id, target_id, kind, weight) values ('530dd218-cc85-404b-9d28-c13ee1712a3f', '2eaf166a-6626-4982-b411-48db631b6bb0', 'supplies_water', 0.679);
insert into asset_dependencies (source_id, target_id, kind, weight) values ('530dd218-cc85-404b-9d28-c13ee1712a3f', '228dc285-c3e2-4015-a5bf-44800ff4c5a1', 'supplies_water', 0.64);
insert into asset_dependencies (source_id, target_id, kind, weight) values ('530dd218-cc85-404b-9d28-c13ee1712a3f', '4e80dcd0-9d16-4a4a-aa6d-dbe7b0c1888f', 'supplies_water', 0.833);
insert into asset_dependencies (source_id, target_id, kind, weight) values ('59277c6a-bfd5-4a06-a343-480da1d25542', 'ae89e3f7-0ab4-4127-bff7-929a06ed29e7', 'provides_access', 0.706);
insert into asset_dependencies (source_id, target_id, kind, weight) values ('59277c6a-bfd5-4a06-a343-480da1d25542', '8aaaf343-e8f5-4af7-b3ec-00f4f7f71dd9', 'provides_access', 0.772);
insert into asset_dependencies (source_id, target_id, kind, weight) values ('b1ebcfe9-a4d6-46bb-948b-9474e1de7feb', 'ce409563-71de-4648-88d6-e9e39438070e', 'powers', 0.647);
insert into asset_dependencies (source_id, target_id, kind, weight) values ('b1ebcfe9-a4d6-46bb-948b-9474e1de7feb', 'd9879b14-50ed-4bf0-bd0e-f41e6214e679', 'powers', 0.642);
insert into asset_dependencies (source_id, target_id, kind, weight) values ('b1ebcfe9-a4d6-46bb-948b-9474e1de7feb', '0b5ace3f-c375-4966-9dad-7c7cb12326fa', 'powers', 0.48);
insert into asset_dependencies (source_id, target_id, kind, weight) values ('73e94449-a255-44d5-923b-87763605f793', 'ae89e3f7-0ab4-4127-bff7-929a06ed29e7', 'powers', 0.655);
insert into asset_dependencies (source_id, target_id, kind, weight) values ('73e94449-a255-44d5-923b-87763605f793', 'd9879b14-50ed-4bf0-bd0e-f41e6214e679', 'powers', 0.48);
insert into asset_dependencies (source_id, target_id, kind, weight) values ('73e94449-a255-44d5-923b-87763605f793', 'ce409563-71de-4648-88d6-e9e39438070e', 'powers', 0.48);
insert into asset_dependencies (source_id, target_id, kind, weight) values ('d861a609-9bdc-4267-bc7c-3e1cdbc4520e', 'd9879b14-50ed-4bf0-bd0e-f41e6214e679', 'powers', 0.778);
insert into asset_dependencies (source_id, target_id, kind, weight) values ('d861a609-9bdc-4267-bc7c-3e1cdbc4520e', 'ae89e3f7-0ab4-4127-bff7-929a06ed29e7', 'powers', 0.612);
insert into asset_dependencies (source_id, target_id, kind, weight) values ('ce409563-71de-4648-88d6-e9e39438070e', 'd6270d89-5997-41c1-92ce-ddeab6f8a900', 'powers', 0.891);
insert into asset_dependencies (source_id, target_id, kind, weight) values ('3ab381ab-e499-44c2-8fc3-43a0d5e83636', 'ce409563-71de-4648-88d6-e9e39438070e', 'provides_access', 0.795);
insert into asset_dependencies (source_id, target_id, kind, weight) values ('3ab381ab-e499-44c2-8fc3-43a0d5e83636', 'd6270d89-5997-41c1-92ce-ddeab6f8a900', 'provides_access', 0.818);
insert into asset_dependencies (source_id, target_id, kind, weight) values ('3ab381ab-e499-44c2-8fc3-43a0d5e83636', 'e58d4061-c5ae-4c4a-a32f-6f88ca2044af', 'provides_access', 0.856);
insert into asset_dependencies (source_id, target_id, kind, weight) values ('3ab381ab-e499-44c2-8fc3-43a0d5e83636', '8aaaf343-e8f5-4af7-b3ec-00f4f7f71dd9', 'provides_access', 0.764);
insert into asset_dependencies (source_id, target_id, kind, weight) values ('3ab381ab-e499-44c2-8fc3-43a0d5e83636', '49e22ed9-8683-46a4-a198-f8a359a3101b', 'provides_access', 0.754);
insert into asset_dependencies (source_id, target_id, kind, weight) values ('00e51f00-a815-4571-8459-b2cac8ada6e5', 'ce409563-71de-4648-88d6-e9e39438070e', 'provides_access', 0.809);
insert into asset_dependencies (source_id, target_id, kind, weight) values ('00e51f00-a815-4571-8459-b2cac8ada6e5', 'd6270d89-5997-41c1-92ce-ddeab6f8a900', 'provides_access', 0.821);
insert into asset_dependencies (source_id, target_id, kind, weight) values ('00e51f00-a815-4571-8459-b2cac8ada6e5', 'e58d4061-c5ae-4c4a-a32f-6f88ca2044af', 'provides_access', 0.837);
insert into asset_dependencies (source_id, target_id, kind, weight) values ('00e51f00-a815-4571-8459-b2cac8ada6e5', '8aaaf343-e8f5-4af7-b3ec-00f4f7f71dd9', 'provides_access', 0.729);
insert into asset_dependencies (source_id, target_id, kind, weight) values ('00e51f00-a815-4571-8459-b2cac8ada6e5', '49e22ed9-8683-46a4-a198-f8a359a3101b', 'provides_access', 0.715);
insert into asset_dependencies (source_id, target_id, kind, weight) values ('8aaaf343-e8f5-4af7-b3ec-00f4f7f71dd9', '228dc285-c3e2-4015-a5bf-44800ff4c5a1', 'supplies_water', 0.788);
insert into asset_dependencies (source_id, target_id, kind, weight) values ('8aaaf343-e8f5-4af7-b3ec-00f4f7f71dd9', 'e58d4061-c5ae-4c4a-a32f-6f88ca2044af', 'supplies_water', 0.788);
insert into asset_dependencies (source_id, target_id, kind, weight) values ('49e22ed9-8683-46a4-a198-f8a359a3101b', '228dc285-c3e2-4015-a5bf-44800ff4c5a1', 'supplies_water', 0.778);
insert into asset_dependencies (source_id, target_id, kind, weight) values ('49e22ed9-8683-46a4-a198-f8a359a3101b', 'e58d4061-c5ae-4c4a-a32f-6f88ca2044af', 'supplies_water', 0.848);
insert into asset_dependencies (source_id, target_id, kind, weight) values ('e95164e4-d2d6-4741-9e1b-1e6df90fe692', 'b1ebcfe9-a4d6-46bb-948b-9474e1de7feb', 'provides_access', 0.922);

-- ── impact_zones ────────────────────────────────────────────────────────────
insert into impact_zones (asset_id, radius_m, population_affected, zones) values ('2eaf166a-6626-4982-b411-48db631b6bb0', 2000, 552197, ARRAY['Obolon']::text[]);
insert into impact_zones (asset_id, radius_m, population_affected, zones) values ('aff1b80b-1aa6-4ccb-a479-42500d768d56', 8000, 1616689, ARRAY['Sviatoshyn']::text[]);
insert into impact_zones (asset_id, radius_m, population_affected, zones) values ('d9879b14-50ed-4bf0-bd0e-f41e6214e679', 6000, 802272, ARRAY['Kyiv']::text[]);
insert into impact_zones (asset_id, radius_m, population_affected, zones) values ('530dd218-cc85-404b-9d28-c13ee1712a3f', 6000, 3632462, ARRAY['Sviatoshyn']::text[]);
insert into impact_zones (asset_id, radius_m, population_affected, zones) values ('4e80dcd0-9d16-4a4a-aa6d-dbe7b0c1888f', 4000, 3632462, ARRAY['Sviatoshyn']::text[]);
insert into impact_zones (asset_id, radius_m, population_affected, zones) values ('59277c6a-bfd5-4a06-a343-480da1d25542', 1500, 722569, ARRAY['Shevchenko']::text[]);
insert into impact_zones (asset_id, radius_m, population_affected, zones) values ('b1ebcfe9-a4d6-46bb-948b-9474e1de7feb', 12000, 933828, ARRAY['Darnytsia']::text[]);
insert into impact_zones (asset_id, radius_m, population_affected, zones) values ('73e94449-a255-44d5-923b-87763605f793', 12000, 354762, ARRAY['Dnipro']::text[]);
insert into impact_zones (asset_id, radius_m, population_affected, zones) values ('d861a609-9bdc-4267-bc7c-3e1cdbc4520e', 4267, 727184, ARRAY['Kyiv']::text[]);
insert into impact_zones (asset_id, radius_m, population_affected, zones) values ('ae89e3f7-0ab4-4127-bff7-929a06ed29e7', 6000, 498723, ARRAY['Dnipro']::text[]);
insert into impact_zones (asset_id, radius_m, population_affected, zones) values ('ce409563-71de-4648-88d6-e9e39438070e', 6000, 729001, ARRAY['Kyiv']::text[]);
insert into impact_zones (asset_id, radius_m, population_affected, zones) values ('0b5ace3f-c375-4966-9dad-7c7cb12326fa', 6000, 1602466, ARRAY['Holosiiv']::text[]);
insert into impact_zones (asset_id, radius_m, population_affected, zones) values ('d6270d89-5997-41c1-92ce-ddeab6f8a900', 2000, 1824967, ARRAY['Holosiiv']::text[]);
insert into impact_zones (asset_id, radius_m, population_affected, zones) values ('228dc285-c3e2-4015-a5bf-44800ff4c5a1', 2000, 507097, ARRAY['Obolon']::text[]);
insert into impact_zones (asset_id, radius_m, population_affected, zones) values ('e58d4061-c5ae-4c4a-a32f-6f88ca2044af', 2000, 748201, ARRAY['Holosiiv']::text[]);
insert into impact_zones (asset_id, radius_m, population_affected, zones) values ('3ab381ab-e499-44c2-8fc3-43a0d5e83636', 1500, 1742349, ARRAY['Kyiv']::text[]);
insert into impact_zones (asset_id, radius_m, population_affected, zones) values ('00e51f00-a815-4571-8459-b2cac8ada6e5', 1500, 122228, ARRAY['Kyiv']::text[]);
insert into impact_zones (asset_id, radius_m, population_affected, zones) values ('8aaaf343-e8f5-4af7-b3ec-00f4f7f71dd9', 4000, 1743624, ARRAY['Shevchenko']::text[]);
insert into impact_zones (asset_id, radius_m, population_affected, zones) values ('49e22ed9-8683-46a4-a198-f8a359a3101b', 4000, 1888839, ARRAY['Shevchenko']::text[]);
insert into impact_zones (asset_id, radius_m, population_affected, zones) values ('e95164e4-d2d6-4741-9e1b-1e6df90fe692', 1500, 1045317, ARRAY['Darnytsia']::text[]);

-- ── asset_state ─────────────────────────────────────────────────────────────
insert into asset_state (asset_id, status, confidence, score, evidence) values ('2eaf166a-6626-4982-b411-48db631b6bb0', 'operational', 0.757, 0.212, $json$[{"source":"sample","detail":"No damage signals detected for Medical Rehabilitation Center","ts":"2026-06-23T09:08:12.424Z"}]$json$::jsonb);
insert into asset_state (asset_id, status, confidence, score, evidence) values ('aff1b80b-1aa6-4ccb-a479-42500d768d56', 'operational', 0.88, 0.237, $json$[{"source":"sample","detail":"No damage signals detected for Centralna District Power Plant","ts":"2026-06-23T09:08:12.425Z"}]$json$::jsonb);
insert into asset_state (asset_id, status, confidence, score, evidence) values ('d9879b14-50ed-4bf0-bd0e-f41e6214e679', 'operational', 0.917, 0.228, $json$[{"source":"sample","detail":"No damage signals detected for ТП-3413","ts":"2026-06-23T09:08:12.425Z"}]$json$::jsonb);
insert into asset_state (asset_id, status, confidence, score, evidence) values ('530dd218-cc85-404b-9d28-c13ee1712a3f', 'degraded', 0.65, 0.542, $json$[{"source":"sample","detail":"Reduced capacity signal near Водопровідна насосна станція «Біличанська»","ref":"FIRMS-VIIRS-sample","ts":"2026-06-23T09:08:12.425Z"}]$json$::jsonb);
insert into asset_state (asset_id, status, confidence, score, evidence) values ('4e80dcd0-9d16-4a4a-aa6d-dbe7b0c1888f', 'operational', 0.773, 0.16, $json$[{"source":"sample","detail":"No damage signals detected for Очисні споруди дощових вод \"Біличі\"","ts":"2026-06-23T09:08:12.425Z"}]$json$::jsonb);
insert into asset_state (asset_id, status, confidence, score, evidence) values ('59277c6a-bfd5-4a06-a343-480da1d25542', 'operational', 0.885, 0.097, $json$[{"source":"sample","detail":"No damage signals detected for Rybalskyi Railway Bridge","ts":"2026-06-23T09:08:12.425Z"}]$json$::jsonb);
insert into asset_state (asset_id, status, confidence, score, evidence) values ('b1ebcfe9-a4d6-46bb-948b-9474e1de7feb', 'offline', 0.82, 0.927, $json$[{"source":"sample","detail":"Thermal anomaly detected near Kyiv CHP-5 Power Plant — FRP elevated","ref":"FIRMS-VIIRS-sample","ts":"2026-06-23T09:08:12.425Z"},{"source":"sample","detail":"Telegram channel reports facility not responding","ref":"tg-sample","ts":"2026-06-23T09:08:12.425Z"}]$json$::jsonb);
insert into asset_state (asset_id, status, confidence, score, evidence) values ('73e94449-a255-44d5-923b-87763605f793', 'operational', 0.792, 0.074, $json$[{"source":"sample","detail":"No damage signals detected for Kyiv CHP-6 Power Plant","ts":"2026-06-23T09:08:12.425Z"}]$json$::jsonb);
insert into asset_state (asset_id, status, confidence, score, evidence) values ('d861a609-9bdc-4267-bc7c-3e1cdbc4520e', 'operational', 0.891, 0.159, $json$[{"source":"sample","detail":"No damage signals detected for Kyiv-4 (Darnytska) Power Plant","ts":"2026-06-23T09:08:12.425Z"}]$json$::jsonb);
insert into asset_state (asset_id, status, confidence, score, evidence) values ('ae89e3f7-0ab4-4127-bff7-929a06ed29e7', 'operational', 0.821, 0.195, $json$[{"source":"sample","detail":"No damage signals detected for Тягова пiдстанцiя","ts":"2026-06-23T09:08:12.425Z"}]$json$::jsonb);
insert into asset_state (asset_id, status, confidence, score, evidence) values ('ce409563-71de-4648-88d6-e9e39438070e', 'offline', 0.82, 0.91, $json$[{"source":"sample","detail":"Thermal anomaly detected near Центр — FRP elevated","ref":"FIRMS-VIIRS-sample","ts":"2026-06-23T09:08:12.425Z"},{"source":"sample","detail":"Telegram channel reports facility not responding","ref":"tg-sample","ts":"2026-06-23T09:08:12.425Z"}]$json$::jsonb);
insert into asset_state (asset_id, status, confidence, score, evidence) values ('0b5ace3f-c375-4966-9dad-7c7cb12326fa', 'operational', 0.914, 0.207, $json$[{"source":"sample","detail":"No damage signals detected for Відрадненська тягова підстанція","ts":"2026-06-23T09:08:12.425Z"}]$json$::jsonb);
insert into asset_state (asset_id, status, confidence, score, evidence) values ('d6270d89-5997-41c1-92ce-ddeab6f8a900', 'degraded', 0.65, 0.542, $json$[{"source":"sample","detail":"Reduced capacity signal near National Institute of Cardiovascular Surgery","ref":"FIRMS-VIIRS-sample","ts":"2026-06-23T09:08:12.425Z"}]$json$::jsonb);
insert into asset_state (asset_id, status, confidence, score, evidence) values ('228dc285-c3e2-4015-a5bf-44800ff4c5a1', 'operational', 0.84, 0.186, $json$[{"source":"sample","detail":"No damage signals detected for V.P. Komisarenko Endocrinology and Metabolism Institute","ts":"2026-06-23T09:08:12.425Z"}]$json$::jsonb);
insert into asset_state (asset_id, status, confidence, score, evidence) values ('e58d4061-c5ae-4c4a-a32f-6f88ca2044af', 'degraded', 0.65, 0.546, $json$[{"source":"sample","detail":"Reduced capacity signal near Kyiv Clinical Hospital of Railroad Transport 2","ref":"FIRMS-VIIRS-sample","ts":"2026-06-23T09:08:12.425Z"}]$json$::jsonb);
insert into asset_state (asset_id, status, confidence, score, evidence) values ('3ab381ab-e499-44c2-8fc3-43a0d5e83636', 'operational', 0.871, 0.226, $json$[{"source":"sample","detail":"No damage signals detected for Kyiv Funicular","ts":"2026-06-23T09:08:12.425Z"}]$json$::jsonb);
insert into asset_state (asset_id, status, confidence, score, evidence) values ('00e51f00-a815-4571-8459-b2cac8ada6e5', 'operational', 0.909, 0.056, $json$[{"source":"sample","detail":"No damage signals detected for Park Bridge","ts":"2026-06-23T09:08:12.425Z"}]$json$::jsonb);
insert into asset_state (asset_id, status, confidence, score, evidence) values ('8aaaf343-e8f5-4af7-b3ec-00f4f7f71dd9', 'operational', 0.926, 0.091, $json$[{"source":"sample","detail":"No damage signals detected for КНС «Оболонська»","ts":"2026-06-23T09:08:12.425Z"}]$json$::jsonb);
insert into asset_state (asset_id, status, confidence, score, evidence) values ('49e22ed9-8683-46a4-a198-f8a359a3101b', 'operational', 0.94, 0.134, $json$[{"source":"sample","detail":"No damage signals detected for Smorodyncka Water Pumping Station","ts":"2026-06-23T09:08:12.425Z"}]$json$::jsonb);
insert into asset_state (asset_id, status, confidence, score, evidence) values ('e95164e4-d2d6-4741-9e1b-1e6df90fe692', 'operational', 0.947, 0.232, $json$[{"source":"sample","detail":"No damage signals detected for Pivdennyi Bridge","ts":"2026-06-23T09:08:12.425Z"}]$json$::jsonb);
